{
  "prefix": ".",
  "auto-reconnect": 26567,
  "alt-field": "双子寇梁3",
  "use-glyph-fontrenderer": false,
  "anti-forge": {
    "enable": false,
    "block-fml": false,
    "block-proxy": false,
    "block-payload": false
  },
  "serverspoof": {
    "enable": false,
    "address": "redesky.com"
  },
  "proxy": {
    "enable": false,
    "address": "127.0.0.1:10808",
    "type": "SOCKS"
  },
  "background": {
    "enable": true,
    "particles": false,
    "gradient": "Windy",
    "gradient-side": "LEFT",
    "gradient-animated": true
  }
}