{
  "Targets": {
    "toggled": true,
    "key": -1,
    "Players": true,
    "Mobs": true,
    "Invisibles": true,
    "Murder": true
  },
  "Enemys": {
    "toggled": false,
    "key": -1
  },
  "Teams": {
    "toggled": false,
    "key": -1,
    "Base": false,
    "TabList": false,
    "ArmorColor": false,
    "NameColor": true
  },
  "NoGuiEvents": {
    "toggled": false,
    "key": -1
  },
  "Trajectories": {
    "toggled": true,
    "key": -1
  },
  "EntityESP": {
    "toggled": true,
    "key": -1,
    "Basic": false,
    "2D": true,
    "Arrow": false,
    "Box": false,
    "Health": false,
    "Ring": false,
    "Shaded": false
  },
  "ItemESP": {
    "toggled": true,
    "key": -1
  },
  "AutoTool": {
    "toggled": true,
    "key": -1,
    "Hotkey back": true,
    "Random delay": true,
    "Min delay": 0.0,
    "Max delay": 0.0
  },
  "WTAP": {
    "toggled": false,
    "key": -1,
    "Players Only": true,
    "Min Delay: ": 5.0,
    "Man Delay: ": 12.0,
    "Min Hits: ": 1.0,
    "Max Hits: ": 1.0,
    "Range: ": 3.0
  },
  "Disablers": {
    "toggled": false,
    "key": -1
  },
  "Tracers": {
    "toggled": true,
    "key": -1
  },
  "WallHack": {
    "toggled": true,
    "key": -1
  },
  "Flight": {
    "toggled": false,
    "key": 21,
    "Simple": true,
    "Dynamic": false,
    "Hypixel": false,
    "AAC": false,
    "Motion": false,
    "Verus": false,
    "AirWalk": false,
    "AAC5": false,
    "AAC5Vanilla": false,
    "Speed": 2.53,
    "AirSpeed": 0.5,
    "GroundSpeed": 0.42,
    "HopDelay": 3.0,
    "Old": true,
    "Rise": false,
    "Purse": 7.0,
    "Smooth": true,
    "UseC04": false
  },
  "NightVision": {
    "toggled": true,
    "key": -1,
    "Brightness": true,
    "Effect": false
  },
  "Profiler": {
    "toggled": true,
    "key": -1,
    "Armor": true
  },
  "AntiBot": {
    "toggled": true,
    "key": -1,
    "AILevel": 0.0,
    "TicksExisted": 0.0,
    "RemoveBots": false,
    "Gwen": false,
    "Invisible": false,
    "InAir": false,
    "OnGround": false,
    "ZeroHealth": false,
    "EntityId": false,
    "OutTabName": false,
    "PingCheck": false,
    "Basic": true,
    "Mineplex": false,
    "Hypixel": false
  },
  "AimBot": {
    "toggled": false,
    "key": -1,
    "Closest": true,
    "Health": false,
    "ThroughWalls": false,
    "Yaw": 15.0,
    "Pitch": 15.0,
    "Range": 4.7,
    "FOV": 90.0,
    "Weapons": true
  },
  "BowAimBot": {
    "toggled": false,
    "key": -1,
    "ThroughWalls": false,
    "Yaw": 22.0,
    "FOV": 90.0
  },
  "AutoClicker": {
    "toggled": false,
    "key": -1,
    "MaxCPS": 12.0,
    "MinCPS": 6.0,
    "Jitter Yaw": 0.5,
    "Jitter Pitch": 0.5,
    "Jitter": false,
    "Weapon": false,
    "Block Hit": false,
    "Break Blocks": false,
    "Cps Bypass": false,
    "Basic": false,
    "M1": true
  },
  "Criticals": {
    "toggled": true,
    "key": -1,
    "Packet": true,
    "Jump": false,
    "PJump": false,
    "AAC5": false,
    "NoGround": false,
    "Hypixel": false,
    "Smart": false,
    "NewPacket": false,
    "NCPPacket": false,
    "AAC4": false,
    "HOP": false,
    "TPHOP": false,
    "MiniPhase": false,
    "NanoPacket": false,
    "Non-Calculable": false,
    "Invalid": false,
    "VerusSmart": false,
    "Debug": true,
    "JumpHeight": 0.42,
    "DownY": 0.0,
    "HurtTime": 10.0
  },
  "KillAura": {
    "toggled": false,
    "key": 19,
    "Simple": false,
    "AAC": false,
    "Multi": false,
    "Basic": false,
    "New": false,
    "ENSEB": false,
    "Legit": true,
    "Closest": false,
    "Health": true,
    "Armor": false,
    "Fov": false,
    "Angle": false,
    "ThroughWalls": true,
    "AutoDelay": false,
    "PacketReach": false,
    "MinCPS": 28.72,
    "MaxCPS": 30.0,
    "PacketRange": 100.0,
    "Range": 2.94,
    "FOV": 360.0,
    "Rotate": true,
    "AutoBlock": true,
    "BlockRate": 100.0,
    "SwitchSize": 1.0,
    "SwitchDelay": 0.0,
    "ROBasic": false,
    "RONull": false,
    "RONew": false,
    "Custom": false,
    "ROENSEB": false,
    "ROAAC": false,
    "Auto": false,
    "ROLegit": true,
    "YawRandom": true,
    "PitchRandom": true,
    "PitchOffset": 200.0,
    "YawOffset": 200.0,
    "BlockBasic": true,
    "BlockBasic2": false,
    "Hypixel": false,
    "NoPacket": false,
    "HUD": true,
    "HUDBasic": true,
    "HUDNew": false,
    "Fancy": false,
    "HUD2": false,
    "HUD3": false,
    "HUD4": false,
    "HUD5": false,
    "MinTurnSpeed": 360.0,
    "MaxTurnSpeed": 360.0,
    "Interact": true,
    "Packet": false,
    "AutoSword": true
  },
  "Velocity": {
    "toggled": true,
    "key": -1,
    "Horizon": 0.0,
    "Chance": 100.0,
    "Verti": 0.0,
    "AAC": false,
    "Legit": true,
    "Simple": false,
    "Ghost": false,
    "Hypixel": false
  },
  "AutoSprint": {
    "toggled": true,
    "key": -1
  },
  "PingSpoof": {
    "toggled": false,
    "key": -1,
    "Packets Delay": 350.0
  },
  "InteractClick": {
    "toggled": false,
    "key": -1
  },
  "Glide": {
    "toggled": false,
    "key": -1,
    "Falling": true,
    "Flat": false,
    "SelfDamage": false
  },
  "Nuker": {
    "toggled": false,
    "key": -1,
    "ID": true,
    "All": false,
    "Distance": 6.0
  },
  "SlyPort": {
    "toggled": false,
    "key": -1,
    "Range": 6.0,
    "Aim": true,
    "Play sound": true,
    "Players only": true
  },
  "Ghost": {
    "toggled": false,
    "key": -1,
    "NoWalls": true,
    "VerticalValue": 5.0,
    "HorizontalValue": 0.0,
    "Basic": false,
    "Skip": true,
    "Vanilla": false,
    "Clip": false
  },
  "Blink": {
    "toggled": false,
    "key": -1
  },
  "Scaffold": {
    "toggled": false,
    "key": 44,
    "AAC": false,
    "Simple": true,
    "Hypixel": false,
    "Hanabi": false,
    "GodBridge": false,
    "Legit": false,
    "Mineland": false,
    "Tower": true,
    "TowerBoost": false,
    "Sprint": true,
    "Speed": 1.0,
    "Expand": 0.4,
    "Samey": true,
    "Timer": false,
    "TimerSpeed": 1.4
  },
  "FastLadder": {
    "toggled": false,
    "key": -1
  },
  "Speed": {
    "toggled": false,
    "key": 47,
    "Basic": false,
    "OldHypixel": true,
    "Jump": false,
    "BvdLove": false,
    "BHOP": false,
    "OnGround": false,
    "AAC": false,
    "Hypixel": false,
    "NCP": false,
    "HypixelNew": false,
    "SpeedValue": 2.8,
    "LagBack": true
  },
  "AutoStep": {
    "toggled": false,
    "key": -1,
    "Simple": true,
    "AAC": false,
    "NCP": false,
    "AAC2": false,
    "Height": 0.5,
    "Delay": 0.0
  },
  "AntiSneak": {
    "toggled": false,
    "key": -1,
    "FullSprint": true
  },
  "FastPlace": {
    "toggled": true,
    "key": -1,
    "OnlyBlock": true
  },
  "SpeedMine": {
    "toggled": true,
    "key": -1,
    "Boost": false,
    "PotBoost": false,
    "UltraBoost": false,
    "Reflection": false
  },
  "BlockOverlay": {
    "toggled": true,
    "key": -1
  },
  "PluginsGetter": {
    "toggled": false,
    "key": -1
  },
  "Helper": {
    "toggled": true,
    "key": -1
  },
  "Derp": {
    "toggled": false,
    "key": -1,
    "All": true,
    "In-90": false
  },
  "TPBed": {
    "toggled": false,
    "key": -1,
    "TpDelay": 600.0
  },
  "Teleport": {
    "toggled": false,
    "key": -1,
    "Command": false,
    "Reach": 10.0,
    "Flight": false,
    "Math": false
  },
  "FireballReturn": {
    "toggled": false,
    "key": -1,
    "Yaw": 25.0,
    "Pitch": 25.0,
    "Range": 10.0
  },
  "SkinStealer": {
    "toggled": false,
    "key": -1
  },
  "InvMove": {
    "toggled": true,
    "key": -1,
    "Basic": true,
    "Hypixel": false
  },
  "PlayerRadar": {
    "toggled": true,
    "key": -1
  },
  "SkinChanger": {
    "toggled": true,
    "key": -1
  },
  "Parkour": {
    "toggled": false,
    "key": -1
  },
  "AntiRain": {
    "toggled": true,
    "key": -1
  },
  "AntiWeb": {
    "toggled": false,
    "key": -1
  },
  "Spider": {
    "toggled": false,
    "key": -1
  },
  "FastBow": {
    "toggled": true,
    "key": -1
  },
  "AutoWalk": {
    "toggled": false,
    "key": -1
  },
  "AutoSwim": {
    "toggled": false,
    "key": -1,
    "Jump": true,
    "Dolphin": false,
    "Fish": false
  },
  "AutoShield": {
    "toggled": false,
    "key": -1,
    "INTERACT": false
  },
  "Rage": {
    "toggled": false,
    "key": -1,
    "Delay": 0.0
  },
  "Suicide": {
    "toggled": false,
    "key": -1,
    "Damage": 0.5
  },
  "SelfDamage": {
    "toggled": false,
    "key": -1,
    "Damage": 0.0625
  },
  "AntiAfk": {
    "toggled": false,
    "key": -1,
    "DelaySec": 10.0
  },
  "TestHack": {
    "toggled": false,
    "key": -1
  },
  "Disconnect": {
    "toggled": false,
    "key": -1,
    "LeaveHealth": 4.0
  },
  "ComboMode": {
    "toggled": false,
    "key": -1
  },
  "SelfKick": {
    "toggled": false,
    "key": -1
  },
  "PacketFilter": {
    "toggled": false,
    "key": -1,
    "Output": true,
    "Input": false,
    "AllSides": false,
    "Player": false,
    "EntityAction": false,
    "CloseWindow": false,
    "Rotation": false,
    "Position": false,
    "PositionRotation": false,
    "ClientStatus": false,
    "PlayerAbilities": false,
    "PlayerDigging": false,
    "UseEntity": false,
    "VehicleMove": false,
    "ClickWindow": false
  },
  "HUD": {
    "toggled": true,
    "key": -1,
    "Effects": true,
    "Keyboard": false,
    "Font": true,
    "Rainbow": false,
    "RSimple": true,
    "Notification": true,
    "Armor": true,
    "MusicPlayer": false,
    "MusicPlayerY": 5.0,
    "MusicPlayerX": 70.0,
    "Inventory": false,
    "InvX": 10.0,
    "InvY": 20.0
  },
  "ClickGui": {
    "toggled": false,
    "key": 54,
    "Ense": true,
    "N3ro": false,
    "Astolfo": false,
    "Tooltip": true,
    "Shadow": true,
    "Rainbow": true,
    "Red": 255.0,
    "Green": 255.0,
    "Blue": 255.0,
    "Alpha": 255.0
  },
  "CommandFrame": {
    "toggled": false,
    "key": -1
  },
  "CommandGetter": {
    "toggled": true,
    "key": -1
  },
  "TpAura": {
    "toggled": false,
    "key": -1,
    "MaxTargets": 3.0,
    "Range": 35.0,
    "AttackInvisible": true,
    "AttackPlayer": true,
    "AttackMobs": false,
    "CPS": 1.0,
    "Path": false,
    "M1": true,
    "M2": false,
    "M3": false,
    "God": false,
    "Improved": false,
    "ScanTime": 500.0,
    "Dash": 5.0,
    "MaxXZTP": 9.5,
    "MaxYTP": 9.0
  },
  "FuckBed": {
    "toggled": true,
    "key": -1,
    "Instant": true,
    "OnGround": true
  },
  "HighJump": {
    "toggled": false,
    "key": -1,
    "Horizontal": 0.0,
    "Vertical": 5.0
  },
  "LongJump": {
    "toggled": false,
    "key": -1,
    "Simple": false,
    "Blink": true,
    "HYT": false,
    "Rede": false,
    "BlinkTime": 500.0,
    "Distance": 4.0,
    "MotionY": 0.4
  },
  "NoSlow": {
    "toggled": true,
    "key": -1,
    "SendPacket": true,
    "AAC": false,
    "Hypixel": false,
    "Custom": false,
    "NCP": true,
    "Basic": false,
    "AAC5": false,
    "BlockForward": 1.0,
    "BlockStrafe": 1.0,
    "Teleport": false,
    "TNAV": false,
    "Vanilla": true,
    "VanillaNSB": false,
    "Decrease": false,
    "Percent": 0.0
  },
  "NoSwing": {
    "toggled": false,
    "key": -1
  },
  "NoHurtCam": {
    "toggled": true,
    "key": -1
  },
  "SafeWalk": {
    "toggled": false,
    "key": -1,
    "Eagle": false
  },
  "ItemPhysic": {
    "toggled": true,
    "key": -1
  },
  "Animation": {
    "toggled": true,
    "key": -1,
    "Vanilla": false,
    "Swang": false,
    "1.7": false,
    "Swank": false,
    "Sigma": false,
    "Jello": false,
    "Slide": false,
    "Ohare": false,
    "Wizzard": false,
    "Lennox": false,
    "Push": true,
    "Chill": false,
    "Butter": false,
    "Hanabi": false,
    "Tap": false,
    "NONE": false,
    "All": true,
    "Chat": false,
    "ItemPosX": 0.56,
    "ItemPosY": -0.52,
    "ItemPosZ": -0.7,
    "ItemScale": 0.4
  },
  "AutoArmor": {
    "toggled": false,
    "key": -1,
    "Delay": 1.0,
    "FakeInv": false
  },
  "FastUse": {
    "toggled": true,
    "key": -1,
    "Instant": true,
    "Hypixel": false,
    "Timer": false
  },
  "Search": {
    "toggled": false,
    "key": -1,
    "Diamond": true,
    "Gold": true,
    "Iron": true,
    "Lapis": true,
    "Emerald": true,
    "Coal": true,
    "Redstone": true,
    "Bypass": true,
    "Depth": 2.0,
    "RadiusEnabled": true,
    "Radius": 10.0,
    "RenderLimitEnabled": true,
    "RenderLimit": 10.0,
    "RefreshDelay": 5.0,
    "Alpha": 0.25,
    "LineWidth": 2.5
  },
  "KillerMark": {
    "toggled": false,
    "key": -1
  },
  "IRCChat": {
    "toggled": true,
    "key": -1
  },
  "Reach": {
    "toggled": false,
    "key": -1,
    "ThroughBlocks": false,
    "ReachMin": 3.0,
    "ReachMax": 3.0
  },
  "ChestStealer": {
    "toggled": false,
    "key": -1,
    "OnlyChest": true,
    "Trash": true,
    "Tools": true,
    "Delay": 30.0,
    "Fast": false,
    "Basic": true
  },
  "HitBox": {
    "toggled": false,
    "key": -1,
    "Extra": false,
    "Width": 1.0,
    "Height": 2.2,
    "Expand": 0.1,
    "ExtraExpand": 0.0,
    "NoFire": false,
    "Multiplier": 1.2,
    "ShowBox": true,
    "ThroughWalls": false,
    "Basic": true,
    "Box": false,
    "Raven": false
  },
  "Phase": {
    "toggled": false,
    "key": 48,
    "Basic": true,
    "Normal": false,
    "AAC4": false
  },
  "EnseChat": {
    "toggled": false,
    "key": -1
  },
  "AutoGA": {
    "toggled": false,
    "key": -1,
    "Key": true,
    "Conti": false,
    "Health": 8.0,
    "FastPackets": 35.0,
    "Delay": 200.0,
    "NoAbsorption": true,
    "Warn": true
  },
  "RedeskyAddon": {
    "toggled": true,
    "key": -1,
    "NoFall": true,
    "Criticals": false,
    "Debug": false
  },
  "AutoL": {
    "toggled": false,
    "key": -1,
    "ClientName": true,
    "Abuse": true
  },
  "AutoSay": {
    "toggled": false,
    "key": -1,
    "Delay": 2.0
  },
  "Timer": {
    "toggled": false,
    "key": -1,
    "TimerSpeed": 2.0
  },
  "Regeneration": {
    "toggled": false,
    "key": -1,
    "Speed": 100.0,
    "Health": 20.0
  },
  "AntiPacketKick": {
    "toggled": true,
    "key": -1
  },
  "ChestESP": {
    "toggled": true,
    "key": -1
  },
  "FPS": {
    "toggled": true,
    "key": -1,
    "Vanilla": true,
    "LibGDX": false,
    "Taylor": false,
    "RivensFull": false,
    "RivensHalf": false,
    "Rivens": false
  },
  "TargetStrafe": {
    "toggled": false,
    "key": -1,
    "Range": 2.0,
    "Key": false,
    "Manual": false,
    "MotionXZ": 0.28
  },
  "ChatRect": {
    "toggled": true,
    "key": -1
  },
  "InvCleaner": {
    "toggled": false,
    "key": -1,
    "AutoToggle": false,
    "KeepArmor": false,
    "KeepArrow": false,
    "KeepBow": false,
    "KeepBuck": false,
    "KeepTools": false,
    "InInv": false,
    "Delay": 80.0
  },
  "KillEffect": {
    "toggled": false,
    "key": -1,
    "Lightning": true
  },
  "MegaKnockback": {
    "toggled": true,
    "key": -1
  },
  "ChineseMode": {
    "toggled": false,
    "key": -1
  },
  "Spammer": {
    "toggled": false,
    "key": -1,
    "Delay": 500.0,
    "All": true,
    "Bypass": true
  },
  "AutoSoup": {
    "toggled": true,
    "key": -1,
    "Health": 8.04,
    "Delay": 50.0,
    "Drop": true
  },
  "AutoSword": {
    "toggled": false,
    "key": -1
  },
  "MemoryFix": {
    "toggled": false,
    "key": -1
  },
  "MinelandAddon": {
    "toggled": false,
    "key": -1
  },
  "KeepSprint": {
    "toggled": true,
    "key": -1
  },
  "Hotbar": {
    "toggled": true,
    "key": -1,
    "": true,
    "Coordinates": true,
    "Time / Date": true,
    "24H / 12H": true
  },
  "AutoReport": {
    "toggled": false,
    "key": -1
  },
  "ServerCrasher": {
    "toggled": false,
    "key": -1,
    "Swing": true,
    "AAC5": false,
    "Log4j": false,
    "Chat": true,
    "Command": false,
    "Basic": false
  },
  "SuperKB": {
    "toggled": true,
    "key": -1,
    "Delay": 0.0,
    "HurtTime": 10.0,
    "ExtraPacket": true,
    "WTap": false,
    "Packet": false,
    "OnlyMove": false,
    "OnlyGround": true
  },
  "SelfDestruct": {
    "toggled": false,
    "key": -1
  },
  "Trigger": {
    "toggled": false,
    "key": -1,
    "Min CPS": 9.0,
    "Max CPS": 13.0,
    "Range": 3.5,
    "AutoBlock": false,
    "Critial": false,
    "Players": true,
    "Mobs": false,
    "Animal": false
  }
}
