{
  "Disabler": {
    "toggled": false,
    "key": 0,
    "Hyt": true
  },
  "Targets": {
    "toggled": true,
    "key": 0,
    "Players": true,
    "Mobs": false,
    "Invisibles": false,
    "Murder": false,
    "Sleeping": false
  },
  "Enemys": {
    "toggled": false,
    "key": 0
  },
  "Teams": {
    "toggled": true,
    "key": 0,
    "Base": false,
    "ArmorColor": true,
    "NameColor": false
  },
  "Glowing": {
    "toggled": false,
    "key": 0
  },
  "Trajectories": {
    "toggled": true,
    "key": 0
  },
  "EntityESP": {
    "toggled": true,
    "key": 0
  },
  "ItemESP": {
    "toggled": false,
    "key": 0
  },
  "ChestESP": {
    "toggled": false,
    "key": 0
  },
  "Tracers": {
    "toggled": false,
    "key": 0
  },
  "WallHack": {
    "toggled": false,
    "key": 0
  },
  "FastUse": {
    "toggled": false,
    "key": 0,
    "HytTimer": true,
    "OnGround": true
  },
  "Flight": {
    "toggled": false,
    "key": 34,
    "Simple": true,
    "Dynamic": false,
    "Hypixel": false,
    "HYT": false,
    "MotionY": 0.5,
    "MotionXZ": 1.0,
    "Delay": 2.0,
    "FlyTimer": 9.96,
    "AntiKick": true
  },
  "ServerCrasher": {
    "toggled": false,
    "key": 0,
    "mathoverflow": false,
    "multiversecore": false,
    "ZwxDDOS": false,
    "TabComplete": false,
    "Infinity": false,
    "WorldEdit": false,
    "Session": true,
    "OP": false,
    "WorldEdit2": false,
    "xACK": false,
    "IllegalSwitcher": false,
    "Thread": 1.0,
    "Delay": 1000.0
  },
  "NightVision": {
    "toggled": true,
    "key": 0,
    "Brightness": true,
    "Effect": false
  },
  "Profiler": {
    "toggled": true,
    "key": 0,
    "Armor": true
  },
  "AntiBot": {
    "toggled": false,
    "key": 0,
    "AILevel": 0.0,
    "TicksExisted": 0.0,
    "RemoveBots": false,
    "Gwen": false,
    "Invisible": false,
    "InAir": false,
    "OnGround": false,
    "ZeroHealth": false,
    "EntityId": false,
    "OutTabName": false,
    "PingCheck": false,
    "Basic": true,
    "Mineplex": false,
    "Hypixel": false
  },
  "AntiItemLag": {
    "toggled": false,
    "key": 0
  },
  "AimAssist": {
    "toggled": false,
    "key": 45,
    "Closest": true,
    "Health": false,
    "Speed 1": 17.8,
    "Speed 2": 15.0,
    "FOV": 168.0,
    "Distance": 4.5,
    "Extra-Distance": 0.0,
    "ClickAim": true,
    "ThroughWalls": false,
    "Break blocks": true,
    "Weapon only": false,
    "Blatant mode": true
  },
  "BowAimBot": {
    "toggled": true,
    "key": 0,
    "ThroughWalls": false,
    "Yaw": 49.57,
    "FOV": 90.0
  },
  "Trigger": {
    "toggled": false,
    "key": 0,
    "Click": true,
    "Attack": false,
    "Advanced": false,
    "AutoDelay": true,
    "MinCPS": 4.0,
    "MaxCPS": 8.0
  },
  "Criticals": {
    "toggled": true,
    "key": 0,
    "Hyt": false,
    "Hyt1": true,
    "Packet": false,
    "Jump": false,
    "PJump": false,
    "NoGround": false,
    "C08P": false,
    "FunkNight": false,
    "Vulcan": false,
    "HytPacket": false,
    "HytPit": false,
    "Delay": 0.0,
    "HurtTime": 9.91
  },
  "KillAura": {
    "toggled": false,
    "key": 19,
    "Simple": true,
    "AAC": false,
    "Legit": false,
    "Multi": false,
    "Fake": false,
    "Closest": true,
    "Health": false,
    "ThroughWalls": false,
    "AutoDelay": false,
    "PacketReach": false,
    "MinCPS": 6.17,
    "MaxCPS": 10.2,
    "PacketRange": 8.32,
    "Range": 3.61,
    "FOV": 45.36,
    "Rotate": true
  },
  "Velocity": {
    "toggled": false,
    "key": 0,
    "AAC": false,
    "Simple": false,
    "AAC4": false,
    "Tick": 10.0
  },
  "AutoSprint": {
    "toggled": false,
    "key": 0
  },
  "AutoArmor": {
    "toggled": false,
    "key": 0,
    "Enchantments": true,
    "SwapWhileMoving": false,
    "Delay": 2.0
  },
  "InteractClick": {
    "toggled": false,
    "key": 0
  },
  "Regen": {
    "toggled": false,
    "key": 0
  },
  "FastPlace": {
    "toggled": true,
    "key": 0,
    "BlockOnly": true,
    "Speed": 0.0
  },
  "ChestStealer": {
    "toggled": false,
    "key": 25,
    "Delay": 3.65
  },
  "Glide": {
    "toggled": false,
    "key": 0,
    "Falling": true,
    "Flat": false,
    "SelfDamage": false
  },
  "Nuker": {
    "toggled": false,
    "key": 0,
    "ID": true,
    "All": false,
    "Distance": 6.0,
    "Creative": false,
    "NoFallingBlocks": true
  },
  "NoFall": {
    "toggled": false,
    "key": 0,
    "AAC": true,
    "Simple": false
  },
  "Ghost": {
    "toggled": false,
    "key": 0,
    "NoWalls": true
  },
  "Blink": {
    "toggled": false,
    "key": 0
  },
  "Scaffold": {
    "toggled": false,
    "key": 0,
    "AAC": false,
    "Simple": true,
    "GodBridge": false
  },
  "FastLadder": {
    "toggled": false,
    "key": 0
  },
  "Speed": {
    "toggled": false,
    "key": 0,
    "Basic": false,
    "OldHypixel": false,
    "HYT": false,
    "AAC4": false,
    "AAC": false,
    "VulcanLowHop": true
  },
  "AutoStep": {
    "toggled": false,
    "key": 0,
    "Simple": true,
    "AAC": false,
    "Height": 0.5
  },
  "AntiSneak": {
    "toggled": false,
    "key": 0,
    "FullSprint": true
  },
  "FreeCam": {
    "toggled": false,
    "key": 0
  },
  "BlockOverlay": {
    "toggled": true,
    "key": 0
  },
  "PluginsGetter": {
    "toggled": false,
    "key": 0
  },
  "Teleport": {
    "toggled": false,
    "key": 0,
    "Reach": true,
    "Flight": false,
    "Math": false
  },
  "FireballReturn": {
    "toggled": false,
    "key": 0,
    "Yaw": 25.0,
    "Pitch": 25.0,
    "Range": 10.0
  },
  "SkinStealer": {
    "toggled": false,
    "key": 0
  },
  "PlayerRadar": {
    "toggled": false,
    "key": 0
  },
  "SkinChanger": {
    "toggled": false,
    "key": 0
  },
  "Parkour": {
    "toggled": false,
    "key": 0
  },
  "AntiRain": {
    "toggled": false,
    "key": 0
  },
  "AntiWeb": {
    "toggled": false,
    "key": 0
  },
  "Spider": {
    "toggled": false,
    "key": 0
  },
  "AutoEat": {
    "toggled": false,
    "key": 0
  },
  "AutoSwim": {
    "toggled": false,
    "key": 0,
    "Jump": true,
    "Dolphin": false,
    "Fish": false
  },
  "AutoTotem": {
    "toggled": false,
    "key": 0,
    "SwapWhileMoving": false,
    "SwipeDelay": 2.0
  },
  "AutoShield": {
    "toggled": false,
    "key": 0,
    "INTERACT": false
  },
  "Rage": {
    "toggled": false,
    "key": 0,
    "Delay": 0.0
  },
  "SelfDamage": {
    "toggled": false,
    "key": 0,
    "Damage": 0.0625
  },
  "HitBox": {
    "toggled": true,
    "key": 0,
    "Extra": false,
    "Width": 1.52,
    "Height": 2.48,
    "Expand": 1.65,
    "ExtraExpand": 0.0,
    "NoFire": false,
    "Multiplier": 1.2,
    "ShowBox": true,
    "ThroughWalls": false,
    "Basic": false,
    "Box": false,
    "Raven": true
  },
  "AntiAfk": {
    "toggled": false,
    "key": 0,
    "DelaySec": 10.0
  },
  "FastBreak": {
    "toggled": false,
    "key": 0,
    "Reflection": false
  },
  "Disconnect": {
    "toggled": false,
    "key": 0,
    "LeaveHealth": 4.0
  },
  "GhostMode": {
    "toggled": false,
    "key": 0
  },
  "SelfKick": {
    "toggled": false,
    "key": 0
  },
  "PortalGodMode": {
    "toggled": false,
    "key": 0
  },
  "PickupFilter": {
    "toggled": false,
    "key": 0,
    "IgnoreAll": false
  },
  "PacketFilter": {
    "toggled": false,
    "key": 0,
    "Output": true,
    "Input": false,
    "AllSides": false,
    "Player": false,
    "EntityAction": false,
    "CloseWindow": false,
    "Rotation": false,
    "Position": false,
    "PositionRotation": false,
    "ClientStatus": false,
    "PlayerAbilities": false,
    "PlayerDigging": false,
    "UseEntity": false,
    "VehicleMove": false,
    "ClickWindow": false
  },
  "FakeCreative": {
    "toggled": false,
    "key": 0,
    "ShowItemsID": true
  },
  "ArmorHUD": {
    "toggled": true,
    "key": 0,
    "Damage": true,
    "ExtraInfo": false
  },
  "HUD": {
    "toggled": true,
    "key": 0,
    "Effects": false,
    "InvX": 42.61,
    "InvY": 0.0,
    "Inentory": false,
    "Notification": false,
    "Logo": false,
    "Normal": false,
    "OTC": true,
    "New ListRainbow": false,
    "New ListBackRainBow": false,
    "ListBackTick": 495.13,
    "ListOnUP": 9.96,
    "OraginRainBow": false,
    "ListBackVis": true,
    "isListBoxAlpha": true,
    "ListAlpha": 0.39
  },
  "HighJump": {
    "toggled": false,
    "key": 0,
    "Height": 2.0
  },
  "ClickGui": {
    "toggled": false,
    "key": 54,
    "Reflection": false,
    "Tenacity": false,
    "Kendall": true,
    "Shell": false,
    "Caesium": false,
    "Dark": false,
    "Light": false,
    "HuangBai": false,
    "N3ro": false,
    "Astolfo": false,
    "Chinese": false,
    "English": true,
    "Tooltip": true,
    "Shadow": true,
    "Rainbow": true,
    "Red": 255.0,
    "Green": 255.0,
    "Blue": 255.0,
    "Alpha": 255.0
  },
  "CommandFrame": {
    "toggled": false,
    "key": 0
  },
  "CommandGetter": {
    "toggled": true,
    "key": 0
  },
  "TpAura": {
    "toggled": false,
    "key": 0,
    "Players": true,
    "Animals": false,
    "Mobs": false,
    "Invisible": false,
    "Delay": 4.0,
    "DashDistance": 5.0,
    "MaxTarget": 3.0,
    "Range": 99.61
  },
  "AutoTool": {
    "toggled": false,
    "key": 0
  },
  "BedNuker": {
    "toggled": false,
    "key": 49,
    "Instant": false
  },
  "Cilp": {
    "toggled": false,
    "key": 0,
    "Horizontal": 0.0,
    "Vertical": 5.0
  },
  "LongJump": {
    "toggled": false,
    "key": 0,
    "Simple": false,
    "Blink": true,
    "HYT": false,
    "BlinkTime": 500.0,
    "Distance": 4.0,
    "MotionY": 0.4
  },
  "NoSlow": {
    "toggled": false,
    "key": 0,
    "SendPacket": true,
    "AAC1": false,
    "AAC2": false,
    "HytPit": false,
    "HYT 4V4": true,
    "ABORT": false,
    "START": false,
    "STOP": false,
    "RELEASE": true
  },
  "NoSwing": {
    "toggled": false,
    "key": 0
  },
  "SafeWalk": {
    "toggled": false,
    "key": 33,
    "Eagle": true
  },
  "AntiFall": {
    "toggled": false,
    "key": 0,
    "Height": 2.0
  },
  "AutoSoup": {
    "toggled": false,
    "key": 0,
    "Health": 5.0
  },
  "SuperKick": {
    "toggled": true,
    "key": 0,
    "HurtTime": 10.0
  },
  "Timer": {
    "toggled": false,
    "key": 0,
    "Ticks": 1.0
  },
  "BlinkAttack": {
    "toggled": false,
    "key": 0
  },
  "Search": {
    "toggled": false,
    "key": 0,
    "Diamond": true,
    "Gold": true,
    "Iron": true,
    "Lapis": true,
    "Emerald": true,
    "Coal": true,
    "Redstone": true,
    "Bypass": true,
    "Depth": 2.0,
    "RadiusEnabled": true,
    "Radius": 10.0,
    "RenderLimitEnabled": true,
    "RenderLimit": 10.0,
    "RefreshDelay": 5.0,
    "Alpha": 0.25,
    "LineWidth": 2.5
  },
  "Reach": {
    "toggled": true,
    "key": 0,
    "ThroughBlocks": false,
    "ReachMin": 3.97,
    "ReachMax": 4.2
  },
  "AutoClicker": {
    "toggled": false,
    "key": 0,
    "Left": true,
    "Right": false,
    "Both": false,
    "OnClick": true,
    "InvFill": false,
    "Weapon": false,
    "CPS": 8.68,
    "RandomMS": 5.0
  },
  "AntiHunger": {
    "toggled": false,
    "key": 0,
    "Sprint": false,
    "Ground": false
  },
  "CloudConfig": {
    "toggled": false,
    "key": 0
  },
  "EnemyInfo": {
    "toggled": false,
    "key": 0
  },
  "SelfDestruct": {
    "toggled": false,
    "key": 0
  },
  "AttackSpeed": {
    "toggled": false,
    "key": 0,
    "Ticks": 1.0
  },
  "FastBow": {
    "toggled": false,
    "key": 0
  },
  "Xray": {
    "toggled": false,
    "key": 0
  },
  "ItemTeleport": {
    "toggled": false,
    "key": 0,
    "New": true,
    "Old": false,
    "Left": false,
    "Right": false,
    "Middle": true,
    "ResetAfterTP": true
  }
}
