{
  "macros": {
    "macros": []
  },
  "modules": {
    "Aimbot": {
      "state": false,
      "keybind": 0,
      "array": true,
      "autodisable": "NONE",
      "trigger": "TOGGLE",
      "values": {
        "Range": 3.88,
        "TurnSpeed": 1.0,
        "FOV": 40.49,
        "Center": false,
        "Lock": false,
        "OnClick": true,
        "Jitter": false
      }
    },
    "AirLadder": {
      "state": false,
      "keybind": 0,
      "array": true,
      "autodisable": "NONE",
      "trigger": "TOGGLE",
      "values": {}
    },
    "Ambience": {
      "state": true,
      "keybind": 0,
      "array": true,
      "autodisable": "NONE",
      "trigger": "TOGGLE",
      "values": {
        "TimeMode": "Custom",
        "WeatherMode": "Sun",
        "CustomTime": 1000,
        "ChangeWorldTimeSpeed": 150,
        "WeatherStrength": 1.0
      }
    },
    "Animations": {
      "state": false,
      "keybind": 0,
      "trigger": "TOGGLE",
      "values": {
        "BlockingMode": "Jello",
        "InvMode": "None",
        "InvEase": "SINE",
        "InvEaseOrder": "FAST_AT_START",
        "InvTime": 500,
        "TabShowPlayerSkin": true,
        "TabMode": "UpSlide",
        "TabEase": "SINE",
        "TabEaseOrder": "FAST_AT_START",
        "TabTime": 500,
        "TranslateX": 0.0,
        "TranslateY": 0.0,
        "TranslateZ": 0.0,
        "RotateX": 0.0,
        "RotateY": 0.0,
        "RotateZ": 0.0,
        "ItemPosX": 0.56,
        "ItemPosY": -0.52,
        "ItemPosZ": -0.71999997,
        "ItemScale": 0.4,
        "SwingAnim": false,
        "SwingSpeed": 1.0,
        "AnythingBlock": false
      }
    },
    "AntiAim": {
      "state": false,
      "keybind": 0,
      "array": true,
      "autodisable": "NONE",
      "trigger": "TOGGLE",
      "values": {
        "YawMove": "Spin",
        "PitchMode": "Down",
        "SilentRotate": true
      }
    },
    "AntiBlind": {
      "state": true,
      "keybind": 0,
      "array": true,
      "autodisable": "NONE",
      "trigger": "TOGGLE",
      "values": {
        "Confusion": true,
        "Pumpkin": true,
        "FireAlpha": 0.3,
        "Bright": "Gamma"
      }
    },
    "AntiBot": {
      "state": false,
      "keybind": 0,
      "array": true,
      "autodisable": "NONE",
      "trigger": "TOGGLE",
      "values": {
        "Tab": true,
        "TabMode": "Contains",
        "EntityID": true,
        "Color": false,
        "LivingTime": false,
        "LivingTimeTicks": 40,
        "Ground": true,
        "Air": false,
        "InvalidGround": true,
        "Swing": false,
        "Health": false,
        "Derp": true,
        "WasInvisible": false,
        "ValidName": true,
        "Armor": false,
        "Ping": false,
        "NeedHit": false,
        "NoClip": false,
        "ReusedEntityId": false,
        "SpawnInCombat": false,
        "DuplicateInWorld": false,
        "DuplicateInTab": false,
        "DuplicateCompareMode": "OnTime",
        "FastDamage": false,
        "FastDamageTicks": 5,
        "AlwaysInRadius": false,
        "AlwaysInRadiusBlocks": 20.0,
        "AlwaysInRadiusRemove": false,
        "AlwaysInRadiusWithTicksCheck": false
      }
    },
    "AntiDesync": {
      "state": true,
      "keybind": 0,
      "array": true,
      "autodisable": "NONE",
      "trigger": "TOGGLE",
      "values": {}
    },
    "AntiFireBall": {
      "state": false,
      "keybind": 0,
      "array": true,
      "autodisable": "NONE",
      "trigger": "TOGGLE",
      "values": {
        "Swing": "Normal",
        "Rotation": true
      }
    },
    "AntiStaff": {
      "state": false,
      "keybind": 0,
      "array": true,
      "autodisable": "NONE",
      "trigger": "TOGGLE",
      "values": {
        "Server": "BlocksMC",
        "SendChatMessage": false,
        "Message": "%staff% was detected as a staff member!",
        "Leave": true,
        "LeaveCommand": "/hub"
      }
    },
    "AntiStuck": {
      "state": false,
      "keybind": 0,
      "array": true,
      "autodisable": "NONE",
      "trigger": "TOGGLE",
      "values": {
        "Flags": 5
      }
    },
    "AntiVanish": {
      "state": false,
      "keybind": 0,
      "array": true,
      "autodisable": "NONE",
      "trigger": "TOGGLE",
      "values": {}
    },
    "AntiVoid": {
      "state": false,
      "keybind": 0,
      "array": true,
      "autodisable": "NONE",
      "trigger": "TOGGLE",
      "values": {
        "Mode": "Blink",
        "MaxFallDistance": 10.0,
        "ResetMotion": false,
        "BlinkStartFallDistance": 2.0,
        "BlinkAutoScaffold": true,
        "OnlyVoid": true
      }
    },
    "AuthBypass": {
      "state": false,
      "keybind": 0,
      "array": true,
      "autodisable": "NONE",
      "trigger": "TOGGLE",
      "values": {
        "Mode": "RedeSky",
        "Delay": 1500
      }
    },
    "AutoBow": {
      "state": false,
      "keybind": 0,
      "array": true,
      "autodisable": "NONE",
      "trigger": "TOGGLE",
      "values": {
        "WaitForBowAimbot": true
      }
    },
    "AutoClicker": {
      "state": true,
      "keybind": 0,
      "array": true,
      "autodisable": "NONE",
      "trigger": "TOGGLE",
      "values": {
        "MaxCPS": 12,
        "MinCPS": 8,
        "Right": false,
        "Left": true,
        "Jitter": false
      }
    },
    "AutoIgnore": {
      "state": false,
      "keybind": 0,
      "array": true,
      "autodisable": "NONE",
      "trigger": "TOGGLE",
      "values": {
        "MinDelay": 3000,
        "IgnoreVL": 3
      }
    },
    "AutoLogin": {
      "state": false,
      "keybind": 0,
      "array": true,
      "autodisable": "NONE",
      "trigger": "TOGGLE",
      "values": {
        "Register": "/register %p %p",
        "Login": "/login %p",
        "Password": "password",
        "Delay": 1500,
        "Title": true,
        "Chat": true
      }
    },
    "AutoPlay": {
      "state": false,
      "keybind": 0,
      "array": true,
      "autodisable": "NONE",
      "trigger": "TOGGLE",
      "values": {
        "Server": "RedeSky",
        "JoinDelay": 3
      }
    },
    "AutoPot": {
      "state": false,
      "keybind": 0,
      "array": true,
      "autodisable": "NONE",
      "trigger": "TOGGLE",
      "values": {
        "Health": 15.0,
        "Delay": 500,
        "ThrowTick": 3,
        "SelectSlot": -1,
        "OpenInv": false,
        "SimulateInventory": true,
        "Regen": true,
        "Utility": true,
        "NotCombat": true
      }
    },
    "AutoReport": {
      "state": false,
      "keybind": 0,
      "array": true,
      "autodisable": "NONE",
      "trigger": "TOGGLE",
      "values": {
        "Mode": "Hit",
        "Command": "/reportar %name%",
        "Tip": true,
        "AllDelay": 500,
        "BlockBooks": false
      }
    },
    "AutoSoup": {
      "state": false,
      "keybind": 0,
      "array": true,
      "autodisable": "NONE",
      "trigger": "TOGGLE",
      "values": {
        "Health": 15.0,
        "Delay": 150,
        "OpenInv": false,
        "SimulateInventory": true,
        "Bowl": "Drop"
      }
    },
    "AutoTool": {
      "state": true,
      "keybind": 0,
      "array": true,
      "autodisable": "NONE",
      "trigger": "TOGGLE",
      "values": {}
    },
    "AutoWeapon": {
      "state": true,
      "keybind": 0,
      "array": true,
      "autodisable": "NONE",
      "trigger": "TOGGLE",
      "values": {
        "OnlySword": false,
        "SpoofItem": false,
        "SpoofTicks": 10
      }
    },
    "BestAntiVoid": {
      "state": false,
      "keybind": 0,
      "array": true,
      "autodisable": "NONE",
      "trigger": "TOGGLE",
      "values": {
        "PullbackTime": 850,
        "Debug": false
      }
    },
    "BetterFont": {
      "state": false,
      "keybind": 0,
      "array": true,
      "autodisable": "NONE",
      "trigger": "TOGGLE",
      "values": {}
    },
    "Blink": {
      "state": false,
      "keybind": 0,
      "array": true,
      "autodisable": "NONE",
      "trigger": "TOGGLE",
      "values": {
        "Inbound": false,
        "Outbound": true,
        "Pulse": false,
        "PulseDelay": 1000
      }
    },
    "BlockESP": {
      "state": true,
      "keybind": 0,
      "array": true,
      "autodisable": "NONE",
      "trigger": "TOGGLE",
      "values": {
        "Mode": "Box",
        "Outline-Width": 3.0,
        "Block": 26,
        "Radius": 40,
        "R": 255,
        "G": 179,
        "B": 72,
        "Rainbow": false
      }
    },
    "BlockOverlay": {
      "state": false,
      "keybind": 0,
      "array": true,
      "autodisable": "NONE",
      "trigger": "TOGGLE",
      "values": {
        "Red": 68,
        "Green": 117,
        "Blue": 255,
        "Alpha": 100,
        "Rainbow": false,
        "LineWidth": 2.0,
        "Info": false
      }
    },
    "BoatJump": {
      "state": false,
      "keybind": 0,
      "array": true,
      "autodisable": "NONE",
      "trigger": "TOGGLE",
      "values": {
        "Mode": "Boost",
        "HBoost": 2.0,
        "VBoost": 2.0,
        "MatrixTimerStart": 0.3,
        "MatrixTimerAir": 0.5,
        "LaunchRadius": 4.0,
        "Delay": 200,
        "AutoHit": true
      }
    },
    "BorderWarn": {
      "state": false,
      "keybind": 0,
      "array": true,
      "autodisable": "NONE",
      "trigger": "TOGGLE",
      "values": {
        "Range": 25
      }
    },
    "BowAimbot": {
      "state": false,
      "keybind": 0,
      "array": true,
      "autodisable": "NONE",
      "trigger": "TOGGLE",
      "values": {
        "Silent": true,
        "Predict": true,
        "ThroughWalls": false,
        "PredictSize": 2.0,
        "Priority": "Direction",
        "Mark": true
      }
    },
    "BowJump": {
      "state": false,
      "keybind": 0,
      "array": true,
      "autodisable": "NONE",
      "trigger": "TOGGLE",
      "values": {
        "Boost": 4.25,
        "Height": 0.42,
        "Timer": 1.0,
        "DelayBeforeArrowLaunch": 1,
        "AutoDisable": true,
        "RenderStatus": true
      }
    },
    "Breadcrumbs": {
      "state": false,
      "keybind": 0,
      "array": true,
      "autodisable": "NONE",
      "trigger": "TOGGLE",
      "values": {
        "Type": "Line",
        "R": 255,
        "G": 255,
        "B": 255,
        "Alpha": 255,
        "Rainbow": false,
        "Fade": true,
        "DrawThePlayer": true,
        "DrawTargets": true,
        "FadeTime": 5,
        "Precision": 1,
        "LineWidth": 1,
        "SphereScale": 1.0
      }
    },
    "CameraClip": {
      "state": false,
      "keybind": 0,
      "array": true,
      "autodisable": "NONE",
      "trigger": "TOGGLE",
      "values": {}
    },
    "CapeManager": {
      "state": false,
      "keybind": 0,
      "trigger": "TOGGLE",
      "values": {}
    },
    "Cataura_fixed": {
      "state": false,
      "keybind": 0,
      "array": true,
      "autodisable": "NONE",
      "trigger": "TOGGLE",
      "values": {}
    },
    "Chams": {
      "state": true,
      "keybind": 0,
      "array": true,
      "autodisable": "NONE",
      "trigger": "TOGGLE",
      "values": {
        "Targets": true,
        "Chests": false,
        "Items": false,
        "Rainbow": false,
        "Red": 0,
        "Green": 0,
        "Blue": 0,
        "Alpha": 0
      }
    },
    "ChatBypass": {
      "state": false,
      "keybind": 0,
      "array": true,
      "autodisable": "NONE",
      "trigger": "TOGGLE",
      "values": {
        "Mode": "Null",
        "Chance": 0.2,
        "Pinyin-Fill": " ",
        "MinUnicode": 1000,
        "MaxUnicode": 20000
      }
    },
    "ChatTranslator": {
      "state": false,
      "keybind": 0,
      "array": true,
      "autodisable": "NONE",
      "trigger": "TOGGLE",
      "values": {
        "Language": "Chinese",
        "API": "Bing"
      }
    },
    "ChestAura": {
      "state": false,
      "keybind": 0,
      "array": true,
      "autodisable": "NONE",
      "trigger": "TOGGLE",
      "values": {
        "Range": 5.0,
        "Delay": 100,
        "ThroughWalls": true,
        "Swing": "Normal",
        "Rotations": true,
        "DiscoverDelay": false,
        "DiscoverDelayValue": 200,
        "OnlyOnGround": true,
        "NotOpened": false,
        "NoCombating": true
      }
    },
    "ChestStealer": {
      "state": false,
      "keybind": 0,
      "array": true,
      "autodisable": "NONE",
      "trigger": "TOGGLE",
      "values": {
        "MaxDelay": 200,
        "MinDelay": 150,
        "ChestOpenDelay": 300,
        "TakeRandomized": false,
        "OnlyItems": false,
        "NoCompass": false,
        "AutoClose": true,
        "Silent": true,
        "SilentTitle": true,
        "AutoCloseMaxDelay": 0,
        "AutoCloseMinDelay": 0,
        "CloseOnFull": true,
        "ChestTitle": false
      }
    },
    "ChinaHat": {
      "state": false,
      "keybind": 0,
      "array": true,
      "autodisable": "NONE",
      "trigger": "TOGGLE",
      "values": {
        "Height": 0.3,
        "Radius": 0.7,
        "YPos": 0.0,
        "RotateSpeed": 2.0,
        "DrawThePlayer": true,
        "OnlyThirdPerson": true,
        "DrawTargets": true,
        "R": 255,
        "G": 255,
        "B": 255,
        "Alpha": 200,
        "Rainbow": false
      }
    },
    "ClickGUI": {
      "state": false,
      "keybind": 54,
      "trigger": "TOGGLE",
      "values": {
        "Style": "Null",
        "Scale": 0.0,
        "MaxElements": 15,
        "Rainbow": false,
        "R": 0,
        "G": 160,
        "B": 255
      }
    },
    "ComboOneHit": {
      "state": false,
      "keybind": 0,
      "array": true,
      "autodisable": "NONE",
      "trigger": "TOGGLE",
      "values": {
        "Packets": 200,
        "SwingPacket": false,
        "OnlyAura": false
      }
    },
    "Criticals": {
      "state": false,
      "keybind": 0,
      "array": true,
      "autodisable": "NONE",
      "trigger": "TOGGLE",
      "values": {
        "Mode": "VulcanSemi",
        "MotionMode": "LowJump",
        "HoverMode": "AAC4",
        "HoverNoFall": true,
        "HoverOnlyCombat": true,
        "Delay": 0,
        "FlagPause": false,
        "FlagPauseTime": 100,
        "HurtTime": 10,
        "UseC06Packet": false,
        "DebugMessage": false
      }
    },
    "Crosshair": {
      "state": true,
      "keybind": 0,
      "array": true,
      "autodisable": "NONE",
      "trigger": "TOGGLE",
      "values": {
        "Color": "Custom",
        "Red": 255,
        "Green": 255,
        "Blue": 255,
        "Alpha": 255,
        "Saturation": 1.0,
        "Brightness": 1.0,
        "Width": 0.5,
        "Length": 7.0,
        "Gap": 5.0,
        "Dynamic": true,
        "HitMarker": true
      }
    },
    "Damage": {
      "state": false,
      "keybind": 0,
      "trigger": "TOGGLE",
      "values": {
        "Mode": "NCP",
        "VerusMode": "Damage1",
        "CustomPacket1Clip": 4.0,
        "CustomPacket2Clip": -0.2,
        "CustomPacket3Clip": 0.5,
        "Damage": 1,
        "OnlyGround": true
      }
    },
    "DamageParticle": {
      "state": true,
      "keybind": 0,
      "array": true,
      "autodisable": "NONE",
      "trigger": "TOGGLE",
      "values": {
        "AliveTicks": 20,
        "Size": 3,
        "Red": 68,
        "Green": 117,
        "Blue": 255,
        "Alpha": 100,
        "Rainbow": false
      }
    },
    "Disabler": {
      "state": true,
      "keybind": 0,
      "array": true,
      "autodisable": "NONE",
      "trigger": "TOGGLE",
      "values": {
        "Mode": "VulcanCombat",
        "Debug": false,
        "OldMatrixWithAAC5": false,
        "FakeLagPosition": true,
        "FakeLagBlock": true,
        "FakeLagAttack": true,
        "FakeLagC03Spoof": false,
        "WatchDog Disabler": false,
        "LagDelay": 0,
        "LagDuration": 200,
        "VerusSlientFlagApply": false,
        "VerusBufferSize": 300,
        "Verus-RepeatTimes": 1,
        "Verus-RepeatTimesFighting": 1,
        "Verus-FlagDelay": 40
      }
    },
    "DuelWinRate": {
      "state": false,
      "keybind": 0,
      "array": true,
      "autodisable": "NONE",
      "trigger": "TOGGLE",
      "values": {}
    },
    "ESP": {
      "state": true,
      "keybind": 0,
      "array": true,
      "autodisable": "NONE",
      "trigger": "TOGGLE",
      "values": {
        "Mode": "Box",
        "Outline-Width": 3.0,
        "WireFrame-Width": 2.0,
        "ShaderOutline-Radius": 1.35,
        "ShaderGlow-Radius": 2.3,
        "CSGO-DirectLine": false,
        "CSGO-ShowHealth": true,
        "CSGO-ShowHeldItem": true,
        "CSGO-ShowName": true,
        "CSGOOld-Width": 2.0,
        "ColorMode": "OFF",
        "R": 255,
        "G": 255,
        "B": 255,
        "Rainbow": false
      }
    },
    "Eagle": {
      "state": false,
      "keybind": 0,
      "array": true,
      "autodisable": "NONE",
      "trigger": "TOGGLE",
      "values": {}
    },
    "FDPScriptManager": {
      "state": false,
      "keybind": 0,
      "array": true,
      "autodisable": "NONE",
      "trigger": "TOGGLE",
      "values": {}
    },
    "FastBow": {
      "state": false,
      "keybind": 0,
      "array": true,
      "autodisable": "NONE",
      "trigger": "TOGGLE",
      "values": {
        "Packets": 20,
        "Delay": 0
      }
    },
    "FastBreak": {
      "state": true,
      "keybind": 0,
      "array": true,
      "autodisable": "NONE",
      "trigger": "TOGGLE",
      "values": {
        "BreakDamage": 0.8
      }
    },
    "FastPlace": {
      "state": true,
      "keybind": 0,
      "array": true,
      "autodisable": "NONE",
      "trigger": "TOGGLE",
      "values": {
        "Speed": 0
      }
    },
    "FastUse": {
      "state": false,
      "keybind": 0,
      "array": true,
      "autodisable": "NONE",
      "trigger": "TOGGLE",
      "values": {
        "Mode": "DelayedInstant",
        "Timer": 1.22,
        "InstantDelay": 20,
        "CustomDelay": 0
      }
    },
    "Fly": {
      "state": false,
      "keybind": 0,
      "array": true,
      "autodisable": "FLAG",
      "trigger": "TOGGLE",
      "values": {
        "Mode": "Vanilla",
        "MotionReset": false,
        "Mark": "Up",
        "FakeDamage": false,
        "ViewBobbing": false,
        "ViewBobbingYaw": 0.1,
        "AAC1.9.10-Speed": 0.3,
        "AAC3.0.5-Fast": true,
        "AAC3.3.12-Motion": 10.0,
        "AAC3.3.13-Motion": 10.0,
        "AAC5.2.0-Vanilla-Speed": 2.0,
        "AAC5.2.0-Vanilla-Smooth": false,
        "AAC5.2.0-Vanilla-Purse": 7,
        "AAC5.2.0-Vanilla-PacketMode": "Old",
        "AAC5.2.0-Vanilla-UseC04": false,
        "BlocksMC-DoTimer": true,
        "BlocksMC-SwingMode": "Normal",
        "BugSpartan-Speed": 2.0,
        "Clip-X": 2.0,
        "Clip-Y": 2.0,
        "Clip-Z": 2.0,
        "Clip-Delay": 500,
        "Clip-MotionX": 0.0,
        "Clip-MotionY": 0.0,
        "Clip-MotionZ": 0.0,
        "Clip-SpoofGround": false,
        "Clip-GroundWhenClip": true,
        "Clip-Timer": 0.7,
        "FunCraft-Timer": 1.0,
        "Hypixel-Boost": true,
        "Hypixel-BoostDelay": 1200,
        "Hypixel-BoostTimer": 1.0,
        "Matrix1.17--SpoofGround": true,
        "MatrixBoost-Speed": 2.0,
        "MatrixBoost-JumpTimer": 0.1,
        "MatrixBoost-BoostTimer": 1.0,
        "MatrixClip-BypassMode": "Clip2",
        "MatrixClip-Clip2-SmartClip": true,
        "MatrixClip-Custom-ClipDelay": 736,
        "MatrixClip-Custom-BlinkDelay": 909,
        "MatrixClip-YClip": 10.0,
        "MatrixDamage-Mode": "Stable",
        "MatrixDamage-DamageWarn": true,
        "MatrixDamage-Timer": 1.0,
        "MatrixDamage-Custom-BoostSpeed": 0.5,
        "MatrixDamage-Custom-BoostTicks": 27,
        "MatrixDamage-Custom-Randomize": true,
        "MatrixDamage-Custom-RandomAmount": 1,
        "MatrixDamage-Custom-Strafe": true,
        "MatrixDamage-MotionReduceOnEnd": true,
        "MineSecure-Speed": 2.0,
        "Mineplex-Speed": 1.0,
        "NCP-Motion": 0.0,
        "NCPPacket-Timer": 1.1,
        "NCPPacket-Speed": 0.28,
        "SmoothVanilla-Speed": 2.0,
        "SmoothVanilla-KickBypass": false,
        "SpartanFast-Speed": 2.0,
        "Vanilla-Speed": 2.0,
        "Vanilla-Vertical": 2.0,
        "Vanilla-KickBypass": false,
        "Vanilla-KeepAlive": false,
        "Vanilla-NoClip": false,
        "Vanilla-SpoofGround": false,
        "Verus-Speed": 1.5,
        "Verus2-Speed": 1.5,
        "SetYMotion0": true,
        "useBlocksBBfly": true,
        "groundSpoof": true,
        "Verus3-AirStrafe": true,
        "Verus4-Speed": 2.0,
        "Verus6-AirSpeed": 0.5,
        "Verus6-GroundSpeed": 0.42,
        "Verus6-HopDelay": 3,
        "CanClip": true,
        "Vulcan2-Speed": 1.0,
        "VulcanLegit-Timer": 2.0,
        "StrafeFly": true
      }
    },
    "FollowTargetHud": {
      "state": true,
      "keybind": 0,
      "array": true,
      "autodisable": "NONE",
      "trigger": "TOGGLE",
      "values": {
        "Mode": "FDP",
        "Font": {
          "fontName": "MiSans Regular",
          "fontSize": 40
        },
        "SmoothHudMove": true,
        "SmoothHudMoveValue": 3,
        "JelloHPColor": true,
        "JelloAlpha": 170,
        "Scale": 1.0,
        "TanslateY": 0.55,
        "TranslateX": 0.0
      }
    },
    "FreeCam": {
      "state": false,
      "keybind": 0,
      "array": true,
      "autodisable": "RESPAWN",
      "trigger": "TOGGLE",
      "values": {
        "Speed": 0.8,
        "Fly": true,
        "NoClip": true,
        "RecordMotion": true,
        "C03Spoof": false
      }
    },
    "Freeze": {
      "state": false,
      "keybind": 0,
      "array": true,
      "autodisable": "RESPAWN",
      "trigger": "TOGGLE",
      "values": {}
    },
    "Fucker": {
      "state": false,
      "keybind": 0,
      "array": true,
      "autodisable": "NONE",
      "trigger": "TOGGLE",
      "values": {
        "Block": 26,
        "Swing": "Normal",
        "ThroughWalls": "None",
        "Range": 5.0,
        "Action": "Destroy",
        "Instant": false,
        "SwitchDelay": 250,
        "Rotations": true,
        "Surroundings": true,
        "NoHit": false,
        "Bypass": false
      }
    },
    "Gapple": {
      "state": false,
      "keybind": 0,
      "array": true,
      "autodisable": "NONE",
      "trigger": "TOGGLE",
      "values": {
        "Mode": "Auto",
        "Health": 10.0,
        "Delay": 150,
        "NoAbsorption": true
      }
    },
    "GhostHand": {
      "state": false,
      "keybind": 0,
      "array": true,
      "autodisable": "NONE",
      "trigger": "TOGGLE",
      "values": {
        "Block": 54,
        "Radius": 4
      }
    },
    "Glide": {
      "state": false,
      "keybind": 0,
      "array": true,
      "autodisable": "FLAG",
      "trigger": "TOGGLE",
      "values": {
        "Mode": "Vulcan2.6.3",
        "MotionReset": false,
        "FakeDamage": false,
        "ViewBobbing": false,
        "ViewBobbingYaw": 0.1,
        "Minemora-Mode": "Glide1",
        "Minemora-Glide2-Tick": 4,
        "Minemora-Glide3-Tick": 4,
        "Minemora-Glide3-BoostSpeed": 0.1,
        "NeruxVace-Ticks": 6
      }
    },
    "Glint": {
      "state": false,
      "keybind": 0,
      "array": true,
      "autodisable": "NONE",
      "trigger": "TOGGLE",
      "values": {
        "Mode": "Custom",
        "Red": 255,
        "Green": 0,
        "Blue": 0
      }
    },
    "HUD": {
      "state": false,
      "keybind": 0,
      "array": false,
      "autodisable": "NONE",
      "trigger": "TOGGLE",
      "values": {
        "BetterHotbar": false,
        "HotbarBlur": true,
        "HotbarRect": true,
        "HotbarEase": true,
        "HotbarAnimSpeed": 10,
        "HotbarAnimType": "SINE",
        "HotbarAnimOrder": "FAST_AT_START",
        "InventoryParticle": false,
        "Blur": false,
        "Shadow": false,
        "FontChat": false,
        "ChatRect": true,
        "ChatCombine": true,
        "ChatAnimation": true,
        "Genshin Impact": false,
        "RainbowStart": 0.41,
        "RainbowStop": 0.58,
        "RainbowSaturation": 0.7,
        "RainbowBrightness": 1.0,
        "RainbowSpeed": 1500,
        "ArraylistXAxisAnimSpeed": 10,
        "ArraylistXAxisAnimType": "SINE",
        "ArraylistXAxisHotbarAnimOrder": "FAST_AT_START",
        "ArraylistYAxisAnimSpeed": 10,
        "ArraylistYAxisAnimType": "SINE",
        "ArraylistYAxisHotbarAnimOrder": "FAST_AT_START",
        "FontVectorEpsilon": 0.5,
        "Button": "Better"
      }
    },
    "HackerDetector": {
      "state": false,
      "keybind": 0,
      "array": true,
      "autodisable": "NONE",
      "trigger": "TOGGLE",
      "values": {
        "Combat": true,
        "Movement": true,
        "Debug": false,
        "Notify": true,
        "AutoReport": true,
        "VL": 300
      }
    },
    "HanabiCrasher": {
      "state": false,
      "keybind": 0,
      "array": true,
      "autodisable": "NONE",
      "trigger": "TOGGLE",
      "values": {
        "Mode": "Netty",
        "PacketAmount": 5
      }
    },
    "HealthWarn": {
      "state": true,
      "keybind": 0,
      "array": false,
      "autodisable": "NONE",
      "trigger": "TOGGLE",
      "values": {
        "Health": 7
      }
    },
    "HighJump": {
      "state": false,
      "keybind": 0,
      "array": true,
      "autodisable": "NONE",
      "trigger": "TOGGLE",
      "values": {
        "Height": 2.0,
        "Mode": "Vanilla",
        "OnlyGlassPane": false,
        "StableMotion": 0.42
      }
    },
    "HitBox": {
      "state": true,
      "keybind": 0,
      "array": true,
      "autodisable": "NONE",
      "trigger": "TOGGLE",
      "values": {
        "Size": 0.25
      }
    },
    "HitEffect": {
      "state": true,
      "keybind": 0,
      "array": true,
      "autodisable": "NONE",
      "trigger": "TOGGLE",
      "values": {
        "Timing": "Attack",
        "Mode": "Blood",
        "Times": 1,
        "LightingSound": true
      }
    },
    "HudDesigner": {
      "state": false,
      "keybind": 0,
      "trigger": "TOGGLE",
      "values": {}
    },
    "HurtCam": {
      "state": false,
      "keybind": 0,
      "trigger": "TOGGLE",
      "values": {
        "Mode": "FPS",
        "R": 255,
        "G": 0,
        "B": 0,
        "Rainbow": false,
        "FPSTime": 1000,
        "FPSHeight": 25
      }
    },
    "IQBOOST114514++++++++++++++": {
      "state": true,
      "keybind": 0,
      "array": true,
      "autodisable": "NONE",
      "trigger": "TOGGLE",
      "values": {}
    },
    "InfiniteAura": {
      "state": false,
      "keybind": 0,
      "array": true,
      "autodisable": "NONE",
      "trigger": "TOGGLE",
      "values": {
        "Mode": "Aura",
        "Targets": 3,
        "CPS": 1,
        "Distance": 30,
        "MoveDistance": 5.0,
        "NoRegen": true,
        "Swing": true,
        "PathRender": true,
        "ColorRed": 0,
        "ColorGreen": 160,
        "ColorBlue": 255,
        "ColorAlpha": 150,
        "Rainbow": false
      }
    },
    "InventoryManager": {
      "state": false,
      "keybind": 0,
      "array": true,
      "autodisable": "NONE",
      "trigger": "TOGGLE",
      "values": {
        "MaxDelay": 600,
        "MinDelay": 400,
        "InvOpen": false,
        "SimulateInventory": true,
        "SimulateInventoryDelay": 0,
        "NoMove": false,
        "Hotbar": true,
        "RandomSlot": false,
        "Sort": true,
        "ThrowGarbage": true,
        "Armor": true,
        "NoCombat": false,
        "ItemDelay": 0,
        "NBTGoal": "NONE",
        "NBTItemNotGarbage": true,
        "NBTArmorPriority": 0.0,
        "NBTWeaponPriority": 0.0,
        "IgnoreVehicles": false,
        "OnlyPositivePotion": false,
        "SortSlot-1": "Sword",
        "SortSlot-2": "Gapple",
        "SortSlot-3": "Potion",
        "SortSlot-4": "Pickaxe",
        "SortSlot-5": "Axe",
        "SortSlot-6": "None",
        "SortSlot-7": "Block",
        "SortSlot-8": "Pearl",
        "SortSlot-9": "Food"
      }
    },
    "InventoryMove": {
      "state": false,
      "keybind": 0,
      "array": true,
      "autodisable": "NONE",
      "trigger": "TOGGLE",
      "values": {
        "NoDetectable": false,
        "Bypass": "None",
        "Rotate": true,
        "NoMoveClicks": false,
        "NoSprint": "None"
      }
    },
    "ItemESP": {
      "state": true,
      "keybind": 0,
      "array": true,
      "autodisable": "NONE",
      "trigger": "TOGGLE",
      "values": {
        "Mode": "Box",
        "Outline-Width": 3.0,
        "R": 0,
        "G": 255,
        "B": 0,
        "Rainbow": true
      }
    },
    "Jesus": {
      "state": false,
      "keybind": 0,
      "array": true,
      "autodisable": "NONE",
      "trigger": "TOGGLE",
      "values": {
        "Mode": "Vanilla",
        "NoJump": false,
        "JumpMotion": 0.5
      }
    },
    "KeyBindManager": {
      "state": false,
      "keybind": 184,
      "trigger": "TOGGLE",
      "values": {}
    },
    "Kick": {
      "state": false,
      "keybind": 0,
      "trigger": "TOGGLE",
      "values": {
        "Mode": "Quit"
      }
    },
    "KillAura": {
      "state": false,
      "keybind": 0,
      "array": true,
      "autodisable": "NONE",
      "trigger": "TOGGLE",
      "values": {
        "MaxCPS": 8,
        "MinCPS": 5,
        "HurtTime": 10,
        "1.9CombatDelay": false,
        "Range": 3.7,
        "ThroughWallsRange": 1.5,
        "SwingRange": 5.0,
        "DiscoverRange": 6.0,
        "Priority": "Distance",
        "TargetMode": "Single",
        "Swing": "Normal",
        "AttackTiming": "Pre",
        "KeepSprint": true,
        "NoBadPackets": false,
        "AutoBlock": "Range",
        "BlockTiming": "Both",
        "AutoBlockRange": 2.5,
        "AutoBlockPacket": "AfterAttack",
        "InteractAutoBlock": true,
        "BlockRate": 100,
        "RayCast": true,
        "RayCastIgnored": false,
        "LivingRayCast": true,
        "AAC": true,
        "RotationMode": "LiquidBounce",
        "MaxTurnSpeed": 180.0,
        "MinTurnSpeed": 180.0,
        "SmoothMode": "Custom",
        "CustomSmooth": 2.0,
        "RandomCenter": "Off",
        "RandomRange": 0.0,
        "SilentRotation": true,
        "Strafe": "Silent",
        "StrafeOnlyGround": true,
        "RotationReverse": false,
        "RotationReverseTick": 5,
        "KeepDirection": true,
        "KeepDirectionTick": 15,
        "AlwaysHitable": true,
        "FOV": 180.0,
        "Predict": true,
        "MaxPredictSize": 1.0,
        "MinPredictSize": 1.0,
        "FailRate": 0.0,
        "FakeSwing": true,
        "NoInvAttack": "Off",
        "NoInvDelay": 200,
        "SwitchDelay": 300,
        "LimitedMultiTargets": 0,
        "Mark": "FDP",
        "Circle": false,
        "CircleRed": 255,
        "CircleGreen": 255,
        "CircleBlue": 255,
        "CircleAlpha": 255,
        "CircleThickness": 2.0
      }
    },
    "KillInsults": {
      "state": false,
      "keybind": 0,
      "array": true,
      "autodisable": "NONE",
      "trigger": "TOGGLE",
      "values": {
        "Mode": "RawWords",
        "WaterMark": true
      }
    },
    "LightningDetect": {
      "state": false,
      "keybind": 0,
      "array": false,
      "autodisable": "NONE",
      "trigger": "TOGGLE",
      "values": {}
    },
    "LongJump": {
      "state": false,
      "keybind": 0,
      "array": true,
      "autodisable": "FLAG",
      "trigger": "TOGGLE",
      "values": {
        "Mode": "NCP",
        "AutoJump": true,
        "AutoDisable": true,
        "JartexWater-Horizon": 1.0,
        "JartexWater-MotionY": 0.42,
        "MatrixHurt-BoostSpeed": 0.416,
        "MatrixHurt-Ticks": 10,
        "NCP-Boost": 4.25,
        "NCPDamage-Boost": 4.25,
        "NCPDamage-DamageInstant": false,
        "RedeSky-JumpMovement": 0.13,
        "RedeSky-MotionY": 0.81,
        "RedeSky-MovementReducer": true,
        "RedeSky-ReduceMovement": 0.08,
        "RedeSky-MotionYReducer": true,
        "RedeSky-ReduceYMotion": 0.15,
        "RedeSky-Timer": 0.3,
        "RedeSky2-AirSpeed": 0.1,
        "RedeSky2-MinAirSpeed": 0.08,
        "RedeSky2-ReduceAirSpeed": 0.16,
        "RedeSky2-AirSpeedReducer": true,
        "RedeSky2-YMotion": 0.08,
        "RedeSky2-MinYMotion": 0.04,
        "RedeSky2-ReduceYMotion": 0.15,
        "RedeSky2-YMotionReducer": true,
        "RedeSky3-JumpTime": 500,
        "RedeSky3-Boost": 1.0,
        "RedeSky3-Height": 1.0,
        "RedeSky3-Timer": 1.0
      }
    },
    "MidClick": {
      "state": false,
      "keybind": 0,
      "array": true,
      "autodisable": "NONE",
      "trigger": "TOGGLE",
      "values": {}
    },
    "Modules": {
      "state": false,
      "keybind": 0,
      "trigger": "TOGGLE",
      "values": {
        "ToggleIgnoreScreen": false,
        "ToggleSound": "Custom"
      }
    },
    "MurderDetector": {
      "state": false,
      "keybind": 0,
      "array": true,
      "autodisable": "NONE",
      "trigger": "TOGGLE",
      "values": {}
    },
    "NameTags": {
      "state": true,
      "keybind": 0,
      "array": true,
      "autodisable": "NONE",
      "trigger": "TOGGLE",
      "values": {
        "Mode": "Liquid",
        "Health": true,
        "Ping": true,
        "Bar": true,
        "Distance": false,
        "Armor": true,
        "Potions": true,
        "ClearNames": true,
        "Font": {
          "fontName": "MiSans Regular",
          "fontSize": 40
        },
        "Border": true,
        "LocalPlayer": true,
        "Shadow": true,
        "Hacker": true,
        "JelloHPColor": true,
        "JelloAlpha": 170,
        "Scale": 1.0,
        "OnlyTarget": false,
        "TanslateY": 0.55,
        "Background-R": 0,
        "Background-G": 0,
        "Background-B": 0,
        "Background-Alpha": 0,
        "Border-R": 0,
        "Border-G": 0,
        "Border-B": 0,
        "Border-Alpha": 0
      }
    },
    "NoAchievements": {
      "state": false,
      "keybind": 0,
      "array": false,
      "autodisable": "NONE",
      "trigger": "TOGGLE",
      "values": {}
    },
    "NoBob": {
      "state": false,
      "keybind": 0,
      "array": true,
      "autodisable": "NONE",
      "trigger": "TOGGLE",
      "values": {}
    },
    "NoFOV": {
      "state": false,
      "keybind": 0,
      "array": true,
      "autodisable": "NONE",
      "trigger": "TOGGLE",
      "values": {
        "FOV": 1.0
      }
    },
    "NoFall": {
      "state": true,
      "keybind": 0,
      "array": true,
      "autodisable": "NONE",
      "trigger": "TOGGLE",
      "values": {
        "Mode": "Verus",
        "MLG-MinMLGHeight": 5.0,
        "MotionFlag-MotionSpeed": -0.01,
        "Phase-PhaseOffset": 1
      }
    },
    "NoJumpDelay": {
      "state": false,
      "keybind": 0,
      "array": true,
      "autodisable": "NONE",
      "trigger": "TOGGLE",
      "values": {}
    },
    "NoRotateSet": {
      "state": false,
      "keybind": 0,
      "array": true,
      "autodisable": "NONE",
      "trigger": "TOGGLE",
      "values": {
        "NoLoading": true,
        "Confirm": false,
        "OverwriteTeleport": false,
        "ConfirmIllegalRotation": false,
        "NoZero": false
      }
    },
    "NoSlow": {
      "state": false,
      "keybind": 0,
      "array": true,
      "autodisable": "NONE",
      "trigger": "TOGGLE",
      "values": {
        "PacketMode": "Vanilla",
        "BlockForwardMultiplier": 1.0,
        "BlockStrafeMultiplier": 1.0,
        "ConsumeForwardMultiplier": 1.0,
        "ConsumeStrafeMultiplier": 1.0,
        "BowForwardMultiplier": 1.0,
        "BowStrafeMultiplier": 1.0,
        "CustomOnGround": false,
        "CustomDelay": 60,
        "Soulsand": false,
        "Teleport": false,
        "TeleportMode": "Vanilla",
        "TeleportNoApply": false,
        "Teleport-CustomSpeed": 0.13,
        "Teleport-CustomY": false,
        "Teleport-DecreasePercent": 0.13,
        "updateAlert1": true
      }
    },
    "NoSlowBreak": {
      "state": true,
      "keybind": 0,
      "array": true,
      "autodisable": "NONE",
      "trigger": "TOGGLE",
      "values": {
        "Air": true,
        "Water": false
      }
    },
    "NoWeb": {
      "state": false,
      "keybind": 0,
      "array": true,
      "autodisable": "NONE",
      "trigger": "TOGGLE",
      "values": {
        "Mode": "None",
        "HorizonSpeed": 0.1
      }
    },
    "Parkour": {
      "state": false,
      "keybind": 0,
      "array": true,
      "autodisable": "NONE",
      "trigger": "TOGGLE",
      "values": {}
    },
    "Performance": {
      "state": true,
      "keybind": 0,
      "array": true,
      "autodisable": "NONE",
      "trigger": "TOGGLE",
      "values": {
        "StaticParticleColor": true,
        "FastEntityLightning": true,
        "FastBlockLightning": true
      }
    },
    "PerformanceLevel": {
      "state": false,
      "keybind": 0,
      "array": true,
      "autodisable": "NONE",
      "trigger": "TOGGLE",
      "values": {}
    },
    "Phase": {
      "state": false,
      "keybind": 0,
      "array": true,
      "autodisable": "NONE",
      "trigger": "TOGGLE",
      "values": {
        "Mode": "Vanilla",
        "AutomaticOffset": 4.0,
        "AutomaticPhaseDelay": 1000,
        "AutomaticFreezeMotion": true
      }
    },
    "PingSpoof": {
      "state": false,
      "keybind": 0,
      "array": true,
      "autodisable": "NONE",
      "trigger": "TOGGLE",
      "values": {
        "MaxDelay": 3484,
        "MinDelay": 2651,
        "C00": true,
        "C0F": false,
        "C0B": false,
        "C13": false,
        "C16": true,
        "PacketLoss": 0.0
      }
    },
    "Plugins": {
      "state": false,
      "keybind": 0,
      "array": true,
      "autodisable": "NONE",
      "trigger": "TOGGLE",
      "values": {}
    },
    "PointerESP": {
      "state": false,
      "keybind": 0,
      "array": true,
      "autodisable": "NONE",
      "trigger": "TOGGLE",
      "values": {
        "Dimension": "2d",
        "Mode": "Solid",
        "LineWidth": 4.0,
        "Red": 255,
        "Green": 255,
        "Blue": 255,
        "Rainbow": false,
        "DamageColor": true,
        "SmoothDamageColor": false,
        "DamageRed": 255,
        "DamageGreen": 0,
        "DamageBlue": 0,
        "DamageRainbow": false,
        "Alpha": 255,
        "DistanceAlpha": true,
        "Distance": 70,
        "AlphaMin": 100,
        "ArrowSize": 10,
        "AngleSize": 50,
        "Radius": 70
      }
    },
    "PrevFallPos": {
      "state": false,
      "keybind": 0,
      "array": true,
      "autodisable": "NONE",
      "trigger": "TOGGLE",
      "values": {
        "Mode": "Box",
        "Outline-Width": 3.0,
        "FallDist": 1.15,
        "R": 255,
        "G": 255,
        "B": 255,
        "A": 130,
        "Rainbow": false
      }
    },
    "Projectiles": {
      "state": false,
      "keybind": 0,
      "array": true,
      "autodisable": "NONE",
      "trigger": "TOGGLE",
      "values": {
        "DynamicBowPower": true
      }
    },
    "Reach": {
      "state": true,
      "keybind": 0,
      "array": true,
      "autodisable": "NONE",
      "trigger": "TOGGLE",
      "values": {
        "CombatReach": 3.53,
        "BuildReach": 4.5
      }
    },
    "Recover §7Vulcan": {
      "state": false,
      "keybind": 0,
      "array": true,
      "autodisable": "NONE",
      "trigger": "TOGGLE",
      "values": {
        "Mode": "Packet",
        "Speed": 5,
        "Delay": 3,
        "Health": 18,
        "GroundOnly": false,
        "Debug": false
      }
    },
    "Regen": {
      "state": false,
      "keybind": 0,
      "array": true,
      "autodisable": "NONE",
      "trigger": "TOGGLE",
      "values": {
        "Mode": "Vanilla",
        "Health": 18,
        "Food": 18,
        "Speed": 100,
        "NoAir": false,
        "PotionEffect": false
      }
    },
    "Rotations": {
      "state": false,
      "keybind": 0,
      "trigger": "TOGGLE",
      "values": {
        "Head": true,
        "Body": true,
        "SensitivityFixed": "New",
        "NaNCheck": true
      }
    },
    "SafeWalk": {
      "state": false,
      "keybind": 33,
      "array": true,
      "autodisable": "NONE",
      "trigger": "TOGGLE",
      "values": {
        "AirSafe": false,
        "OnlyPredictVoid": false
      }
    },
    "Scaffold": {
      "state": false,
      "keybind": 0,
      "array": true,
      "autodisable": "NONE",
      "trigger": "TOGGLE",
      "values": {
        "PlaceableDelay": "Normal",
        "MaxDelay": 0,
        "MinDelay": 0,
        "AutoBlock": "LiteSpoof",
        "Sprint": "Always",
        "Swing": "Normal",
        "Search": true,
        "Down": true,
        "PlaceTiming": "Post",
        "Eagle": "OFF",
        "BlocksToEagle": 0,
        "ExpandLength": 1,
        "Rotations": "AAC",
        "AACYawOffset": 0,
        "CustomYaw": -145,
        "CustomPitch": 79,
        "SilentRotation": true,
        "MinRotationSpeed": 180,
        "MaxRotationSpeed": 180,
        "KeepRotationTick": 0,
        "ZitterMode": "OFF",
        "ZitterSpeed": 0.13,
        "ZitterStrength": 0.072,
        "Timer": 1.0,
        "MotionSpeedSet": false,
        "MotionSpeed": 0.1,
        "SpeedModifier": 1.0,
        "TowerMode": "Jump",
        "StopTowerWhenBlockAbove": true,
        "TowerFakeJump": true,
        "TowerActivation": "PressSpace",
        "TowerTimer": 1.0,
        "SameY": "WhenSpeed",
        "SafeWalk": "OFF",
        "HitableCheck": "Simple",
        "ExtraClick": "OFF",
        "ExtraClickMaxDelay": 100,
        "ExtraClickMinDelay": 50,
        "TowerJumpMotion": 0.42,
        "TowerJumpDelay": 0,
        "TowerStableMotion": 0.42,
        "TowerPlusMotion": 0.1,
        "TowerPlusMaxMotion": 0.8,
        "TowerConstantMotion": 0.42,
        "TowerConstantMotionJumpGround": 0.79,
        "TowerTeleportHeight": 1.15,
        "TowerTeleportDelay": 0,
        "TowerTeleportGround": true,
        "TowerTeleportNoMotion": false,
        "Counter": true,
        "Mark": false
      }
    },
    "ServerCrasher": {
      "state": false,
      "keybind": 0,
      "array": true,
      "autodisable": "NONE",
      "trigger": "TOGGLE",
      "values": {
        "Mode": "Book",
        "PacketAmount": 500,
        "BookType": "Plain",
        "BookMode": "Payload",
        "BookOnlyOnce": false,
        "Log4JMode": "Chat",
        "SlientInventory": false
      }
    },
    "ServerSwitcher": {
      "state": false,
      "keybind": 0,
      "trigger": "TOGGLE",
      "values": {}
    },
    "SilentDisconnect": {
      "state": false,
      "keybind": 0,
      "array": true,
      "autodisable": "NONE",
      "trigger": "TOGGLE",
      "values": {}
    },
    "Spammer": {
      "state": false,
      "keybind": 0,
      "array": true,
      "autodisable": "NONE",
      "trigger": "TOGGLE",
      "values": {
        "MaxDelay": 1000,
        "MinDelay": 500,
        "Mode": "Single",
        "EndingRandomChars": 5,
        "Message": "Buy %r Minecraft %r Legit %r and %r stop %r using %r cracked %r servers %r%r",
        "InsultMessage": "[%s] %w [%s]"
      }
    },
    "Speed": {
      "state": false,
      "keybind": 47,
      "array": true,
      "autodisable": "FLAG",
      "trigger": "TOGGLE",
      "values": {
        "Mode": "Legit",
        "NoWater": true,
        "AACGround2-Timer": 3.0,
        "AACPort-Length": 1.0,
        "CustomSpeed": 1.6,
        "CustomDoLaunchSpeed": true,
        "CustomLaunchSpeed": 1.6,
        "CustomDoMinimumSpeed": true,
        "CustomMinimumSpeed": 0.25,
        "CustomAddYMotion": 0.0,
        "CustomDoModifyJumpY": true,
        "CustomY": 0.42,
        "CustomUpTimer": 1.0,
        "CustomJumpTimer": 1.25,
        "CustomDownTimer": 1.0,
        "CustomStrafe": "Boost",
        "PlusBoostMode": "Add",
        "PlusMultiplyAmount": 1.1,
        "CustomGroundStay": 0,
        "CustomGroundResetXZ": false,
        "CustomResetXZ": false,
        "CustomResetY": false,
        "CustomPressSpaceKeyOnGround": true,
        "CustomPressSpaceKeyInAir": false,
        "CustomUsePreMotion": true,
        "HypixelHop-BypassMode": "Stable",
        "HypixelHop-SlowdownValue": 0.15,
        "Timer Boost": true,
        "Timer": 1.2,
        "Matrix6.6.1-VelocBoost": true,
        "Matrix6.6.1-TimerBoost": false,
        "Matrix6.6.1-UsePreMotion": false,
        "MatrixBHop-Speed": 1.0,
        "MatrixBHop-NoTimer": false,
        "NCPStable-Timer": 1.088,
        "NCPStable-Speed": 0.029,
        "Please set value with command": "",
        "for precise values": "",
        "JumpLaunchSpeed": 0.98,
        "BoostSpeed": 1.02,
        "LaunchTimer": 0.97,
        "TeleportCubeCraft-PortLength": 1.0,
        "TimerBoost": true,
        "VerusYPort-Speed": 0.61,
        "VerusYPort2-Speed": 0.61
      }
    },
    "Spider": {
      "state": false,
      "keybind": 0,
      "array": true,
      "autodisable": "NONE",
      "trigger": "TOGGLE",
      "values": {
        "Mode": "Collide",
        "Height": 2,
        "Motion": 0.42
      }
    },
    "Sprint": {
      "state": true,
      "keybind": 0,
      "array": true,
      "autodisable": "NONE",
      "trigger": "TOGGLE",
      "values": {
        "JumpDirection": false,
        "AllDirections": false,
        "AllDirectionsBypass": "None",
        "Blindness": false,
        "UseItem": false,
        "Food": true,
        "ServerSideKeepSprint": false,
        "CheckServerSide": false,
        "CheckServerSideOnlyGround": false,
        "NoPacket": false,
        "AllDirectionsLimitSpeedOnlyGround": false,
        "AllDirectionsLimitSpeed": 0.7
      }
    },
    "Step": {
      "state": false,
      "keybind": 0,
      "array": true,
      "autodisable": "NONE",
      "trigger": "TOGGLE",
      "values": {
        "Mode": "NCP",
        "Height": 1.0,
        "JumpMotion": 0.42,
        "Delay": 0,
        "Timer": 1.0,
        "UseDynamicTimer": false
      }
    },
    "StorageESP": {
      "state": false,
      "keybind": 0,
      "array": true,
      "autodisable": "NONE",
      "trigger": "TOGGLE",
      "values": {
        "Mode": "Outline",
        "Outline-Width": 3.0,
        "Chest": true,
        "EnderChest": true,
        "Furnace": true,
        "Dispenser": true,
        "Hopper": true
      }
    },
    "Strafe": {
      "state": false,
      "keybind": 0,
      "array": true,
      "autodisable": "NONE",
      "trigger": "TOGGLE",
      "values": {
        "Strength": 0.5,
        "NoMoveStop": false,
        "OnGroundStrafe": false,
        "AllDirectionsJump": false
      }
    },
    "SuperKnockback": {
      "state": false,
      "keybind": 0,
      "array": true,
      "autodisable": "NONE",
      "trigger": "TOGGLE",
      "values": {
        "HurtTime": 10,
        "Mode": "ExtraPacket",
        "OnlyMove": false,
        "OnlyGround": false,
        "Delay": 0
      }
    },
    "Target": {
      "state": false,
      "keybind": 0,
      "trigger": "TOGGLE",
      "values": {
        "Player": true,
        "Animal": false,
        "Mob": true,
        "Invisible": false,
        "Dead": false
      }
    },
    "TargetStrafe": {
      "state": false,
      "keybind": 0,
      "array": true,
      "autodisable": "NONE",
      "trigger": "TOGGLE",
      "values": {
        "ThirdPersonView": false,
        "OnGround": true,
        "Radius": 2.51
      }
    },
    "Teams": {
      "state": false,
      "keybind": 23,
      "array": true,
      "autodisable": "NONE",
      "trigger": "TOGGLE",
      "values": {
        "ScoreboardTeam": true,
        "Color": true,
        "GommeSW": false,
        "ArmorColor": false
      }
    },
    "Teleport": {
      "state": false,
      "keybind": 0,
      "array": true,
      "autodisable": "NONE",
      "trigger": "TOGGLE",
      "values": {
        "IgnoreNoCollision": true,
        "Mode": "Blink",
        "Button": "Middle",
        "NeedSneak": true
      }
    },
    "Timer": {
      "state": false,
      "keybind": 0,
      "array": true,
      "autodisable": "RESPAWN",
      "trigger": "TOGGLE",
      "values": {
        "Speed": 2.0,
        "OnMove": true
      }
    },
    "Tracers": {
      "state": false,
      "keybind": 0,
      "array": true,
      "autodisable": "NONE",
      "trigger": "TOGGLE",
      "values": {
        "Color": "Custom",
        "Thickness": 2.0,
        "R": 0,
        "G": 160,
        "B": 255,
        "A": 150,
        "DistanceMultiplier": 5.0,
        "PlayerHeight": true,
        "EntityHeight": true
      }
    },
    "TrueSight": {
      "state": true,
      "keybind": 0,
      "array": true,
      "autodisable": "NONE",
      "trigger": "TOGGLE",
      "values": {
        "Barriers": false,
        "Entities": true
      }
    },
    "Velocity": {
      "state": true,
      "keybind": 0,
      "array": true,
      "autodisable": "NONE",
      "trigger": "TOGGLE",
      "values": {
        "Horizontal": 0.79,
        "Vertical": 0.79,
        "VelocityTick": 1,
        "Mode": "Simple",
        "ReverseStrength": 1.0,
        "SmoothReverseStrength": 0.05,
        "AACPushXZReducer": 2.0,
        "AACPushYReducer": true,
        "PhaseHeight": 0.5,
        "PhaseOnlyGround": true,
        "LegitStrafe": false,
        "LegitFace": true,
        "RedeskyAlwaysReduce": true,
        "RedeskyOnlyDanger": false,
        "OnlyGround": false,
        "OnlyCombat": true,
        "noFire": false,
        "OverrideDirection": "None",
        "OverrideDirectionYaw": 0.0
      }
    },
    "Wings": {
      "state": false,
      "keybind": 0,
      "array": false,
      "autodisable": "NONE",
      "trigger": "TOGGLE",
      "values": {
        "OnlyThirdPerson": true
      }
    },
    "XRay": {
      "state": false,
      "keybind": 0,
      "array": true,
      "autodisable": "RESPAWN",
      "trigger": "TOGGLE",
      "values": {}
    },
    "杀人说话": {
      "state": false,
      "keybind": 0,
      "array": true,
      "autodisable": "NONE",
      "trigger": "TOGGLE",
      "values": {}
    },
    "猫染-发包检测": {
      "state": false,
      "keybind": 0,
      "array": true,
      "autodisable": "NONE",
      "trigger": "TOGGLE",
      "values": {}
    },
    "猫染-挖床小助手": {
      "state": false,
      "keybind": 0,
      "array": true,
      "autodisable": "NONE",
      "trigger": "TOGGLE",
      "values": {
        "Mode": "Normal"
      }
    },
    "猫染-自动防砍": {
      "state": false,
      "keybind": 0,
      "array": true,
      "autodisable": "NONE",
      "trigger": "TOGGLE",
      "values": {
        "DomcerAutoBlockMode": "VulCanPacket"
      }
    },
    "自动跑路": {
      "state": false,
      "keybind": 0,
      "array": true,
      "autodisable": "NONE",
      "trigger": "TOGGLE",
      "values": {
        "Health": 5.0,
        "1Text": "/hub",
        "AutoDisable KillAuraAura Velocity Speed": true
      }
    },
    "血量显示-Vape": {
      "state": false,
      "keybind": 0,
      "array": true,
      "autodisable": "NONE",
      "trigger": "TOGGLE",
      "values": {}
    }
  }
}