{
  "Movement": {
    "open": true,
    "visible": true,
    "posX": 147,
    "posY": 51,
    "AirLadder": {
      "Settings": true
    },
    "AntiStuck": {
      "Settings": false
    },
    "BoatJump": {
      "Settings": false
    },
    "BowJump": {
      "Settings": false
    },
    "Fly": {
      "Settings": false
    },
    "Freeze": {
      "Settings": true
    },
    "Glide": {
      "Settings": false
    },
    "HighJump": {
      "Settings": false
    },
    "InventoryMove": {
      "Settings": false
    },
    "Jesus": {
      "Settings": false
    },
    "LongJump": {
      "Settings": false
    },
    "NoJumpDelay": {
      "Settings": true
    },
    "NoSlow": {
      "Settings": false
    },
    "NoWeb": {
      "Settings": false
    },
    "Parkour": {
      "Settings": true
    },
    "SafeWalk": {
      "Settings": false
    },
    "Speed": {
      "Settings": false
    },
    "Spider": {
      "Settings": false
    },
    "Sprint": {
      "Settings": false
    },
    "Step": {
      "Settings": false
    },
    "Strafe": {
      "Settings": false
    },
    "TargetStrafe": {
      "Settings": false
    }
  },
  "Render": {
    "open": true,
    "visible": true,
    "posX": 795,
    "posY": 69,
    "AntiBlind": {
      "Settings": false
    },
    "BetterFont": {
      "Settings": true
    },
    "BlockESP": {
      "Settings": false
    },
    "BlockOverlay": {
      "Settings": false
    },
    "Breadcrumbs": {
      "Settings": false
    },
    "CameraClip": {
      "Settings": false
    },
    "Chams": {
      "Settings": false
    },
    "ChinaHat": {
      "Settings": false
    },
    "Crosshair": {
      "Settings": false
    },
    "DamageParticle": {
      "Settings": false
    },
    "ESP": {
      "Settings": false
    },
    "FollowTargetHud": {
      "Settings": false
    },
    "FreeCam": {
      "Settings": false
    },
    "Glint": {
      "Settings": false
    },
    "HitEffect": {
      "Settings": false
    },
    "ItemESP": {
      "Settings": false
    },
    "NameTags": {
      "Settings": false
    },
    "NoBob": {
      "Settings": false
    },
    "NoFOV": {
      "Settings": false
    },
    "PointerESP": {
      "Settings": false
    },
    "Projectiles": {
      "Settings": false
    },
    "StorageESP": {
      "Settings": false
    },
    "Tracers": {
      "Settings": false
    },
    "TrueSight": {
      "Settings": false
    },
    "XRay": {
      "Settings": false
    }
  },
  "Misc": {
    "open": true,
    "visible": true,
    "posX": 11,
    "posY": 76,
    "AntiBot": {
      "Settings": false
    },
    "AntiStaff": {
      "Settings": false
    },
    "AntiVanish": {
      "Settings": false
    },
    "AuthBypass": {
      "Settings": false
    },
    "AutoIgnore": {
      "Settings": false
    },
    "AutoLogin": {
      "Settings": false
    },
    "AutoPlay": {
      "Settings": false
    },
    "BorderWarn": {
      "Settings": false
    },
    "Cataura_fixed": {
      "Settings": false
    },
    "ChatTranslator": {
      "Settings": false
    },
    "DuelWinRate": {
      "Settings": false
    },
    "HealthWarn": {
      "Settings": false
    },
    "IQBOOST114514++++++++++++++": {
      "Settings": true
    },
    "KillInsults": {
      "Settings": false
    },
    "MurderDetector": {
      "Settings": false
    },
    "NoRotateSet": {
      "Settings": false
    },
    "SilentDisconnect": {
      "Settings": true
    },
    "Spammer": {
      "Settings": false
    },
    "Teams": {
      "Settings": false
    },
    "杀人说话": {
      "Settings": true
    },
    "猫染-发包检测": {
      "Settings": false
    },
    "猫染-挖床小助手": {
      "Settings": false
    },
    "自动跑路": {
      "Settings": false
    }
  },
  "Exploit": {
    "open": true,
    "visible": true,
    "posX": 28,
    "posY": 429,
    "AntiDesync": {
      "Settings": true
    },
    "ChatBypass": {
      "Settings": false
    },
    "Damage": {
      "Settings": false
    },
    "Disabler": {
      "Settings": false
    },
    "GhostHand": {
      "Settings": false
    },
    "HanabiCrasher": {
      "Settings": false
    },
    "Kick": {
      "Settings": false
    },
    "Phase": {
      "Settings": false
    },
    "PingSpoof": {
      "Settings": false
    },
    "Plugins": {
      "Settings": false
    },
    "ServerCrasher": {
      "Settings": false
    },
    "Teleport": {
      "Settings": false
    }
  },
  "World": {
    "open": true,
    "visible": true,
    "posX": 633,
    "posY": 50,
    "Ambience": {
      "Settings": false
    },
    "ChestAura": {
      "Settings": false
    },
    "ChestStealer": {
      "Settings": false
    },
    "FastBreak": {
      "Settings": false
    },
    "FastPlace": {
      "Settings": false
    },
    "Fucker": {
      "Settings": false
    },
    "LightningDetect": {
      "Settings": true
    },
    "NoSlowBreak": {
      "Settings": false
    },
    "Scaffold": {
      "Settings": false
    },
    "Timer": {
      "Settings": false
    }
  },
  "Client": {
    "open": true,
    "visible": true,
    "posX": 498,
    "posY": 65,
    "Animations": {
      "Settings": false
    },
    "CapeManager": {
      "Settings": true
    },
    "ClickGUI": {
      "Settings": false
    },
    "FDPScriptManager": {
      "Settings": true
    },
    "HUD": {
      "Settings": false
    },
    "HudDesigner": {
      "Settings": true
    },
    "HurtCam": {
      "Settings": false
    },
    "KeyBindManager": {
      "Settings": true
    },
    "Modules": {
      "Settings": false
    },
    "NoAchievements": {
      "Settings": true
    },
    "Performance": {
      "Settings": false
    },
    "PerformanceLevel": {
      "Settings": true
    },
    "Rotations": {
      "Settings": false
    },
    "ServerSwitcher": {
      "Settings": true
    },
    "Target": {
      "Settings": false
    },
    "Wings": {
      "Settings": false
    }
  },
  "Combat": {
    "open": true,
    "visible": true,
    "posX": 252,
    "posY": 39,
    "Aimbot": {
      "Settings": false
    },
    "AntiFireBall": {
      "Settings": false
    },
    "AutoBow": {
      "Settings": false
    },
    "AutoClicker": {
      "Settings": false
    },
    "AutoPot": {
      "Settings": false
    },
    "AutoSoup": {
      "Settings": false
    },
    "AutoWeapon": {
      "Settings": false
    },
    "BowAimbot": {
      "Settings": false
    },
    "ComboOneHit": {
      "Settings": false
    },
    "Criticals": {
      "Settings": false
    },
    "FastBow": {
      "Settings": false
    },
    "HitBox": {
      "Settings": false
    },
    "InfiniteAura": {
      "Settings": false
    },
    "KillAura": {
      "Settings": false
    },
    "Reach": {
      "Settings": false
    },
    "SuperKnockback": {
      "Settings": false
    },
    "Velocity": {
      "Settings": false
    },
    "猫染-自动防砍": {
      "Settings": false
    },
    "血量显示-Vape": {
      "Settings": true
    }
  },
  "Player": {
    "open": true,
    "visible": true,
    "posX": 365,
    "posY": 310,
    "AntiAim": {
      "Settings": false
    },
    "AntiVoid": {
      "Settings": false
    },
    "AutoReport": {
      "Settings": false
    },
    "AutoTool": {
      "Settings": true
    },
    "BestAntiVoid": {
      "Settings": false
    },
    "Blink": {
      "Settings": false
    },
    "Eagle": {
      "Settings": false
    },
    "FastUse": {
      "Settings": false
    },
    "Gapple": {
      "Settings": false
    },
    "HackerDetector": {
      "Settings": false
    },
    "InventoryManager": {
      "Settings": false
    },
    "MidClick": {
      "Settings": true
    },
    "NoFall": {
      "Settings": false
    },
    "PrevFallPos": {
      "Settings": false
    },
    "Recover §7Vulcan": {
      "Settings": false
    },
    "Regen": {
      "Settings": false
    }
  }
}